{"new_matrix_cam_param": [[627.0009155273438, 0.0, 433.2278000729784], [0.0, 624.3670654296875, 209.59684527180798], [0.0, 0.0, 1.0]], "matrix_cam_param": [[647.6129340514441, 0.0, 436.7540733537236], [0.0, 647.4750275915826, 210.62399539949723], [0.0, 0.0, 1.0]], "dist": [[-0.1659157520273279, 0.2995640428130917, -0.001815366375227148, -0.003520513127670811, -0.17949204507460764]]}